{
    "$schema": "https://json-schema.org/draft/2020-12/schema",
    "$id": "accessor.sparse.indices.schema.json",
    "title": "Accessor Sparse Indices",
    "type": "object",
    "description": "An object pointing to a buffer view containing the indices of deviating accessor values. The number of indices is equal to `accessor.sparse.count`. Indices **MUST** strictly increase.",
    "allOf": [ { "$ref": "glTFProperty.schema.json" } ],
    "properties": {
        "bufferView": {
            "allOf": [ { "$ref": "glTFid.schema.json" } ],
            "description": "The index of the buffer view with sparse indices. The referenced buffer view **MUST NOT** have its `target` or `byteStride` properties defined. The buffer view and the optional `byteOffset` **MUST** be aligned to the `componentType` byte length."
        },
        "byteOffset": {
            "type": "integer",
            "description": "The offset relative to the start of the buffer view in bytes.",
            "minimum": 0,
            "default": 0
        },
        "componentType": {
            "description": "The indices data type.",
            "anyOf": [
                {
                    "const": 5121,
                    "description": "UNSIGNED_BYTE",
                    "type": "integer"
                },
                {
                    "const": 5123,
                    "description": "UNSIGNED_SHORT",
                    "type": "integer"
                },
                {
                    "const": 5125,
                    "description": "UNSIGNED_INT",
                    "type": "integer"
                },
                {
                    "type": "integer"
                }
            ]
        },
        "extensions": { },
        "extras": { }
    },
    "required": [ "bufferView", "componentType" ]
}
