{
    "$schema": "https://json-schema.org/draft/2020-12/schema",
    "$id": "camera.schema.json",
    "title": "Camera",
    "type": "object",
    "description": "A camera's projection.  A node **MAY** reference a camera to apply a transform to place the camera in the scene.",
    "allOf": [ { "$ref": "glTFChildOfRootProperty.schema.json" } ],
    "properties": {
        "orthographic": {
            "allOf": [ { "$ref": "camera.orthographic.schema.json" } ],
            "description": "An orthographic camera containing properties to create an orthographic projection matrix. This property **MUST NOT** be defined when `perspective` is defined."
        },
        "perspective": {
            "allOf": [ { "$ref": "camera.perspective.schema.json" } ],
            "description": "A perspective camera containing properties to create a perspective projection matrix. This property **MUST NOT** be defined when `orthographic` is defined."
        },
        "type": {
            "description": "Specifies if the camera uses a perspective or orthographic projection.",
            "gltf_detailedDescription": "Specifies if the camera uses a perspective or orthographic projection.  Based on this, either the camera's `perspective` or `orthographic` property **MUST** be defined.",
            "anyOf": [
                {
                    "const": "perspective"
                },
                {
                    "const": "orthographic"
                },
                {
                    "type": "string"
                }
            ]
        },
        "name": { },
        "extensions": { },
        "extras": { }
    },
    "required": [ "type" ],
    "not": {
        "required": [ "perspective", "orthographic" ]
    }
}
