{
    "$schema": "https://json-schema.org/draft/2020-12/schema",
    "$id": "image.schema.json",
    "title": "Image",
    "type": "object",
    "description": "Image data used to create a texture. Image **MAY** be referenced by an URI (or IRI) or a buffer view index.",
    "allOf": [ { "$ref": "glTFChildOfRootProperty.schema.json" } ],
    "properties": {
        "uri": {
            "type": "string",
            "description": "The URI (or IRI) of the image.",
            "format": "iri-reference",
            "gltf_detailedDescription": "The URI (or IRI) of the image.  Relative paths are relative to the current glTF asset.  Instead of referencing an external file, this field **MAY** contain a `data:`-URI. This field **MUST NOT** be defined when `bufferView` is defined.",
            "gltf_uriType": "image"
        },
        "mimeType": {
            "anyOf": [
                {
                    "const": "image/jpeg"
                },
                {
                    "const": "image/png"
                },
                {
                    "type": "string"
                }
            ],
            "description": "The image's media type. This field **MUST** be defined when `bufferView` is defined."
        },
        "bufferView": {
            "allOf": [ { "$ref": "glTFid.schema.json" } ],
            "description": "The index of the bufferView that contains the image. This field **MUST NOT** be defined when `uri` is defined."
        },
        "name": { },
        "extensions": { },
        "extras": { }
    },
    "dependencies": {
        "bufferView": [ "mimeType" ]
    },
    "oneOf": [
        { "required": [ "uri" ] },
        { "required": [ "bufferView" ] }
    ]
}
