{
    "extensionsUsed" : ["Example EXT_texture_filter_anisotropic", "Example root-level extension"],
    "extensions" : {
        "Example root-level extension" : {
            "extension specific" : "value"
        }
    },
    "samplers" : {
        "sampler_id": {
            "magFilter": 9729,
            "minFilter": 9987,
            "name": "user-defined sampler name",
            "wrapS": 10497,
            "wrapT": 10497,
            "extensions" : {
                "Example EXT_texture_filter_anisotropic" : {
                    "textureMaxAnisotropy" : 8
                }
            },
            "extras" : {
                "Application specific" : "The extra object can contain any properties."
            }     
        }
    }
}