{
    "materials" : {
        "material_id": {
            "technique": "technique_id",
            "values": {
                "ambient": [
                    0,
                    0,
                    0,
                    1
                ],
                "diffuse": "texture_image_0",
                "shininess": 38.4
            },
            "name": "user-defined material name",
            "extensions" : {
               "extension_name" : {
                  "extension specific" : "value"
               }
            },
            "extras" : {
                "Application specific" : "The extra object can contain any properties."
            }     
        }
    }
}