{
    "samplers" : {
        "sampler_id": {
            "magFilter": 9729,
            "minFilter": 9987,
            "name": "user-defined sampler name",
            "wrapS": 10497,
            "wrapT": 10497,
            "extensions" : {
               "extension_name" : {
                  "extension specific" : "value"
               }
            },
            "extras" : {
                "Application specific" : "The extra object can contain any properties."
            }     
        }
    }
}