{
    "textures" : {
        "texture_id": {
            "format": 6408,
            "internalFormat": 6408,
            "name": "user-defined texture name",
            "sampler": "sampler_id",
            "source": "image_id",
            "target": 3553,
            "type": 5121,
            "extensions" : {
               "extension_name" : {
                  "extension specific" : "value"
               }
            },
            "extras" : {
                "Application specific" : "The extra object can contain any properties."
            }     
        }
    }
}