{
    "$schema": "http://json-schema.org/draft-04/schema",
    "title": "KHR_texture_transform glTF TextureInfo Extension",
    "type": "object",
    "description": "glTF extension that enables shifting and scaling UV coordinates on a per-texture basis",
    "allOf": [ { "$ref": "glTFProperty.schema.json" } ],
    "properties" : {
        "offset": {
            "type": "array",
            "description": "The offset of the UV coordinate origin as a factor of the texture dimensions.",
            "items": {
                "type": "number"
            },
            "minItems": 2,
            "maxItems": 2,
            "default": [ 0.0, 0.0 ]
        },
        "rotation": {
            "type": "number",
            "description": "Rotate the UVs by this many radians counter-clockwise around the origin.",
            "default": 0.0
        },
        "scale": {
            "type": "array",
            "description": "The scale factor applied to the components of the UV coordinates.",
            "items": {
                "type": "number"
            },
            "minItems": 2,
            "maxItems": 2,
            "default": [ 1.0, 1.0 ]
        },
        "texCoord": {
            "type": "integer",
            "description": "Overrides the textureInfo texCoord value if supplied, and if this extension is supported.",
            "minimum": 0
        },
        "extensions": { },
        "extras": { }
    }
}
