{
    "$schema" : "http://json-schema.org/draft-04/schema",
    "title" : "channel",
    "type" : "object",
    "description" : "Targets an animation's sampler at a node's property.",
    "allOf" : [ { "$ref" : "glTFProperty.schema.json" } ],
    "properties" : {
        "extensions" : {},
        "extras" : {},
        "sampler" : {
            "allOf" : [ { "$ref" : "glTFid.schema.json" } ],
            "description" : "The ID of a sampler in this animation used to compute the value for the target.",
            "gltf_detailedDescription" : "The ID of a sampler in this animation used to compute the value for the target, e.g., a node's translation, rotation, or scale (TRS)."
        },
        "target" : {
            "allOf" : [ { "$ref" : "animation.channel.target.schema.json" } ],
            "description" : "The ID of the node and TRS property to target."
        }
    },
    "additionalProperties" : false,
    "required": ["sampler", "target"]
}
