{
    "$schema" : "http://json-schema.org/draft-04/schema",
    "title" : "target",
    "type" : "object",
    "description" : "The ID of the node and TRS property that an animation channel targets.",
    "allOf" : [ { "$ref" : "glTFProperty.schema.json" } ],
    "properties" : {
        "extensions" : {},
        "extras" : {},
        "id" : {
            "allOf" : [ { "$ref" : "glTFid.schema.json" } ],
            "description" : "The ID of the node to target."
        },
        "path" : {
            "type" : "string",
            "description" : "The name of the node's TRS property to modify.",
            "enum" : ["translation", "rotation", "scale"]
        }
    },
    "additionalProperties" : false,
    "required": ["id", "path"]
}
