{
    "$schema" : "http://json-schema.org/draft-04/schema",
    "title" : "profile",
    "type" : "object",
    "description" : "Specifies the target rendering API and version, e.g., WebGL 1.0.3.",
    "allOf" : [ { "$ref" : "glTFProperty.schema.json" } ],
    "properties" : {
        "extensions" : {},
        "extras" : {},
        "api" : {
            "type" : "string",
            "description" : "Specifies the target rendering API.",
            "default" : "WebGL"
        },
        "version" : {
            "type" : "string",
            "description" : "The API version.",
            "default" : "1.0.3"
        }
    },
    "additionalProperties" : false
}
