{
    "$schema" : "http://json-schema.org/draft-04/schema",
    "title" : "bufferView",
    "type" : "object",
    "description" : "A view into a buffer generally representing a subset of the buffer.",
    "allOf" : [ { "$ref" : "glTFChildOfRootProperty.schema.json" } ],
    "properties" : {
        "name" : {},
        "extensions" : {},
        "extras" : {},
        "buffer" : {
            "allOf" : [ { "$ref" : "glTFid.schema.json" } ],
            "description" : "The ID of the buffer."
        },
        "byteOffset" : {
            "type" : "integer",
            "description" : "The offset into the buffer in bytes.",
            "minimum" : 0
        },
        "byteLength" : {
            "type" : "integer",
            "description" : "The length of the bufferView in bytes.",
            "minimum" : 0,
            "default" : 0
        },
        "target" : {
            "type" : "integer",
            "description" : "The target that the WebGL buffer should be bound to.",
            "enum" : [34962, 34963],
            "gltf_enumNames" : ["ARRAY_BUFFER", "ELEMENT_ARRAY_BUFFER"],
            "gltf_detailedDescription" : "The target that the WebGL buffer should be bound to.  All valid values correspond to WebGL enums.  When this is not provided, the bufferView contains animation or skin data.",
            "gltf_webgl" : "`bindBuffer()`"
        }
    },
    "additionalProperties" : false,
    "required": ["buffer", "byteOffset"]
}
