{
    "$schema" : "http://json-schema.org/draft-04/schema",
    "title" : "orthographic",
    "type" : "object",
    "description" : "An orthographic camera containing properties to create an orthographic projection matrix.",
    "allOf" : [ { "$ref" : "glTFProperty.schema.json" } ],
    "properties" : {
        "extensions" : {},
        "extras" : {},
        "xmag" : {
            "type" : "number",
            "description" : "The floating-point horizontal magnification of the view."
        },
        "ymag" : {
            "type" : "number",
            "description" : "The floating-point vertical magnification of the view."
        },
        "zfar" : {
            "type" : "number",
            "description" : "The floating-point distance to the far clipping plane.",
            "minimum" : 0.0
        },
        "znear" : {
            "type" : "number",
            "description" : "The floating-point distance to the near clipping plane.",
            "minimum" : 0.0
        }
    },
    "additionalProperties" : false,
    "required": ["xmag", "ymag", "zfar", "znear"]
}
