{
    "$schema" : "http://json-schema.org/draft-04/schema",
    "title" : "Child of a glTF root property",
    "type" : "object",
    "allOf" : [ { "$ref" : "glTFProperty.schema.json" } ],
    "properties" : {
        "name" : {
            "type" : "string",
            "description" : "The user-defined name of this object.",
            "gltf_detailedDescription" : "The user-defined name of this object.  This is not necessarily unique, e.g., an accessor and a buffer could have the same name, or two accessors could even have the same name."
        }
    }
}
