{
    "$schema" : "http://json-schema.org/draft-04/schema",
    "title" : "image",
    "type" : "object",
    "description" : "Image data used to create a texture.",
    "allOf" : [ { "$ref" : "glTFChildOfRootProperty.schema.json" } ],
    "properties" : {
        "name" : {},
        "extensions" : {},
        "extras" : {},
        "uri" : {
            "type" : "string",
            "description" : "The uri of the image.",
            "format" : "uriref",
            "gltf_detailedDescription" : "The uri of the image.  Relative paths are relative to the .gltf file.  Instead of referencing an external file, the uri can also be a data-uri.  The image format must be jpg, png, bmp, or gif.",
            "gltf_uriType" : "image"
        }
    },
    "additionalProperties" : false,
    "required": ["uri"]
}
