{
    "$schema" : "http://json-schema.org/draft-04/schema",
    "title" : "material",
    "type" : "object",
    "description" : "The material appearance of a primitive.",
    "allOf" : [ { "$ref" : "glTFChildOfRootProperty.schema.json" } ],
    "properties": {
        "name" : {},
        "extensions" : {},
        "extras" : {},
        "technique" : {
            "allOf" : [ { "$ref" : "glTFid.schema.json" } ],
            "description" : "The ID of the technique.",
            "gltf_detailedDescription" : "The ID of the technique.  If this is not supplied, and no extension is present that defines material properties, then the primitive should be rendered using a default material with 50% gray emissive color."
        },
        "values" : {
            "type" : "object",
            "description" : "A dictionary object of parameter values.",
            "properties" : {
            },
            "additionalProperties" : {
                "$ref" : "material.values.schema.json"
            },
            "default" : {},
            "gltf_detailedDescription" : "A dictionary object of parameter values.  Parameters with the same name as the technique's parameter override the technique's parameter value."
        }
    },
    "additionalProperties" : false
}
