{
    "$schema" : "http://json-schema.org/draft-04/schema",
    "title" : "mesh",
    "type" : "object",
    "description" : "A set of primitives to be rendered.  A node can contain one or more meshes.  A node's transform places the mesh in the scene.",
    "allOf" : [ { "$ref" : "glTFChildOfRootProperty.schema.json" } ],
    "properties" : {
        "name" : {},
        "extensions" : {},
        "extras" : {},
        "primitives" : {
            "type" : "array",
            "description" : "An array of primitives, each defining geometry to be rendered with a material.",
            "items" : {
                "$ref" : "mesh.primitive.schema.json"
            },
            "default" : []
        }
    },
    "additionalProperties" : false
}
