{
    "$schema" : "http://json-schema.org/draft-04/schema",
    "title" : "program",
    "type" : "object",
    "description" : "A shader program, including its vertex and fragment shader, and names of vertex shader attributes.",
    "allOf" : [ { "$ref" : "glTFChildOfRootProperty.schema.json" } ],
    "properties": {
        "name" : {},
        "extensions" : {},
        "extras" : {},
        "attributes" : {
            "type" : "array",
            "description" : "Names of GLSL vertex shader attributes.",
            "items" : {
                "type" : "string",
                "minLength" : 1,
                "maxLength" : 256
            },
            "default" : [],
            "gltf_webgl" : "`bindAttribLocation()`"
        },
        "fragmentShader" : {
            "allOf" : [ { "$ref" : "glTFid.schema.json" } ],
            "description" : "The ID of the fragment shader."
        },
        "vertexShader" : {
            "allOf" : [ { "$ref" : "glTFid.schema.json" } ],
            "description" : "The ID of the vertex shader."
        }
    },
    "additionalProperties" : false,
    "required": ["fragmentShader", "vertexShader"],
    "gltf_webgl" : "`attachShader()`, `bindAttribLocation()`, `createProgram()`, `deleteProgram()`, `getProgramParameter()`, `getProgramInfoLog()`, `linkProgram()`, `useProgram()`, and `validateProgram()`"
}
