{
    "$schema": "http://json-schema.org/draft-04/schema",
    "title": "KHR_materials_sheen glTF Material Extension",
    "type": "object",
    "description": "glTF extension that defines the sheen material model.",
    "allOf": [ { "$ref": "glTFProperty.schema.json" } ],
    "properties": {
        "sheenColorFactor": {
            "type": "array",
            "items": {
                "type": "number",
                "minimum": 0.0,
                "maximum": 1.0
            },
            "minItems": 3,
            "maxItems": 3,
            "description": "Color of the sheen layer (in linear space).",
            "default": [0, 0, 0]
        },
        "sheenColorTexture": {
            "allOf": [ { "$ref": "textureInfo.schema.json" } ],
            "description": "The sheen color (RGB) texture.",
            "gltf_detailedDescription": "The sheen color (RGB) texture. Stored in channel RGB, the sheen color is in sRGB transfer function."
        },
        "sheenRoughnessFactor": {
            "type": "number",
            "description": "The sheen layer roughness.",
            "default": 0.0,
            "minimum": 0.0,
            "maximum": 1.0,
            "gltf_detailedDescription": "The sheen layer roughness of the material."
        },
        "sheenRoughnessTexture": {
            "allOf": [ { "$ref": "textureInfo.schema.json" } ],
            "description": "The sheen roughness (Alpha) texture.",
            "gltf_detailedDescription": "The sheen roughness (Alpha) texture. Stored in alpha channel, the roughness value is in linear space."
        },
        "extensions": { },
        "extras": { }
    }
}
