{
    "$schema": "http://json-schema.org/draft-04/schema",
    "title" : "KHR_xmp glTF extension",
    "type": "object",
    "description": "Metadata about the glTF asset.",
    "allOf": [ { "$ref": "glTFProperty.schema.json" } ],
    "properties": {
        "@context" : {
            "type": "object",
            "additionalProperties": true,
            "description": "Dictionary mapping XMP namespace names to the URI where they are defined"
        },
        "packets" : {
            "type" : "array",
            "items": {
                "type": "object",
                "additionalProperties": true,
                "description": "Dictionary of XMP metadata properties. Property names take the form `xmp_namespace_name:property_name`"
            },
            "minItems": 1
        },
        "extensions": { },
        "extras": { }
    },
    "required": ["packets", "@context"]
}
