{
    "$schema": "http://json-schema.org/draft-04/schema",
    "title": "KHR_texture_basisu glTF Texture Extension",
    "type": "object",
    "description": "glTF extension to specify textures using the KTX v2 images with Basis Universal supercompression.",
    "allOf": [ { "$ref": "glTFProperty.schema.json" } ],
    "properties": {
        "source": {
          "allOf": [ { "$ref": "glTFid.schema.json" } ],
          "description": "The index of the image which points to a KTX v2 resource with Basis Universal supercompression."
        },
        "extensions": {},
        "extras": {}
      }
}
