{
    "$schema": "http://json-schema.org/draft-04/schema",
    "title": "KHR_lights_punctual glTF Document Extension",
    "type": "object",
    "allOf": [ { "$ref": "glTFProperty.schema.json" } ],
    "properties": {
        "lights": {
            "type": "array",
            "items": {
                "type": "object",
                "$ref": "light.schema.json"
            },
            "minItems": 1
        },
        "extensions": { },
        "extras": { }
    },
    "required": [
        "lights"
    ]
}
