{
    "$schema": "http://json-schema.org/draft-04/schema",
    "title": "KHR_lights_punctual glTF Node Extension",
    "type": "object",
    "allOf": [ { "$ref": "glTFProperty.schema.json" } ],
    "properties": {
        "light": {
            "allOf": [
                {
                    "$ref": "glTFid.schema.json"
                }
            ],
            "description": "The id of the light referenced by this node."
        },
        "extensions": { },
        "extras": { }
    },
    "required": [
        "light"
    ]
}
