{
    "$schema" : "http://json-schema.org/draft-04/schema",
    "title" : "Shader",
    "type" : "object",
    "description" : "A vertex or fragment shader. Exactly one of `uri` or `bufferView` must be provided for the GLSL source.",
    "allOf" : [ { "$ref" : "glTFChildOfRootProperty.schema.json" } ],
    "properties" : {
        "uri" : {
            "type" : "string",
            "description" : "The uri of the GLSL source.",
            "format" : "uriref",
            "gltf_detailedDescription" : "The uri of the GLSL source.  Relative paths are relative to the `.gltf` file.  Instead of referencing an external file, the uri can also be a data-uri.",
            "gltf_uriType" : "text"
        },
        "type" : {
            "type" : "integer",
            "description" : "The shader stage.",
            "enum" : [35632, 35633],
            "gltf_enumNames" : ["FRAGMENT_SHADER", "VERTEX_SHADER"],
            "gltf_detailedDescription" : "The shader stage.  All valid values correspond to WebGL enums."
        },
        "bufferView" : {
            "allOf" : [ { "$ref" : "glTFid.schema.json" } ],
            "description" : "The index of the bufferView that contains the GLSL shader source. Use this instead of the shader's uri property."
        },
        "name" : {},
        "extensions" : {},
        "extras" : {}
    },
    "required" : ["type"],
    "oneOf": [
        { "required": [ "uri" ] },
        { "required": [ "bufferView" ] }
    ],
    "gltf_webgl" : "`createShader()`, `deleteShader()`, `shaderSource()`, `compileShader()`, `getShaderParameter()`, and `getShaderInfoLog()`"
}

