{
    "$schema" : "http://json-schema.org/draft-04/schema",
    "title" : "Attribute",
    "type" : "object",
    "description" : "An attribute input to a technique and the corresponding semantic.",
    "allOf" : [ { "$ref" : "glTFProperty.schema.json" } ],
    "properties" : {
        "semantic" : {
            "type" : "string",
            "description" : "Identifies a mesh attribute semantic.",
            "gltf_detailedDescription" : "Identifies a mesh attribute semantic. Attribute semantics include `\"POSITION\"`, `\"NORMAL\"`, `\"TEXCOORD\"`, `\"COLOR\"`, `\"JOINT\"`, and `\"WEIGHT\"`.  `\"TEXCOORD\"` and `\"COLOR\"` attribute semantic property names must be of the form `[semantic]_[set_index]`, e.g., `\"TEXCOORD_0\"`, `\"TEXCOORD_1\"`, `\"COLOR_1\"`, etc.  For forward-compatibility, application-specific semantics must start with an underscore, e.g., `\"_SIMULATION_TIME\"`."
        },
        "extensions" : {},
        "extras" : {}
    },
    "required" : ["semantic"]
}
