{
    "$schema": "http://json-schema.org/draft-04/schema",
    "title": "KHR_materials_pbrSpecularGlossiness glTF extension",
    "type": "object",
    "description": "glTF extension that defines the specular-glossiness material model from Physically-Based Rendering (PBR) methodology.",
    "allOf": [ { "$ref": "glTFProperty.schema.json" } ],
    "properties": {
        "diffuseFactor": {
            "type": "array",
            "items": {
                "type": "number",
                "minimum": 0.0,
                "maximum": 1.0
            },
            "description": "The reflected diffuse factor of the material.",
            "default": [ 1.0, 1.0, 1.0, 1.0 ],
            "minItems": 4,
            "maxItems": 4,
            "gltf_detailedDescription": "The RGBA components of the reflected diffuse color of the material. Metals have a diffuse value of `[0.0, 0.0, 0.0]`. The fourth component (A) is the alpha coverage of the material. The `alphaMode` property specifies how alpha is interpreted. The values are linear."
        },
        "diffuseTexture": {
            "allOf": [ { "$ref": "textureInfo.schema.json" } ],
            "description": "The diffuse texture.",
            "gltf_detailedDescription": "The diffuse texture. This texture contains RGB components of the reflected diffuse color of the material encoded with the sRGB transfer function. If the fourth component (A) is present, it represents the linear alpha coverage of the material. Otherwise, an alpha of 1.0 is assumed. The `alphaMode` property specifies how alpha is interpreted. The stored texels must not be premultiplied."
        },
        "specularFactor": {
            "type": "array",
            "items": {
                "type": "number",
                "minimum": 0.0,
                "maximum": 1.0
            },
            "description": "The specular RGB color of the material.",
            "default": [ 1.0, 1.0, 1.0 ],
            "minItems": 3,
            "maxItems": 3,
            "gltf_detailedDescription": "The specular RGB color of the material. This value is linear."
        },
        "glossinessFactor": {
            "type": "number",
            "description": "The glossiness or smoothness of the material.",
            "default": 1.0,
            "minimum": 0.0,
            "maximum": 1.0,
            "gltf_detailedDescription": "The glossiness or smoothness of the material. A value of 1.0 means the material has full glossiness or is perfectly smooth. A value of 0.0 means the material has no glossiness or is completely rough. This value is linear."
        },
        "specularGlossinessTexture": {
            "allOf": [ { "$ref": "textureInfo.schema.json" } ],
            "description": "The specular-glossiness texture.",
            "gltf_detailedDescription": "The specular-glossiness texture is an RGBA texture, containing the specular color (RGB) encoded with the sRGB transfer function and the linear glossiness value (A)."
        },
        "extensions": { },
        "extras": { }
    }
}
